Test Agent Name,Molecule Type,Top Screening Dose,Top Screening Dose unit,Solvent,Amount,Units,Stock Concentration,Stock Concentration Units,Storage Conditions,Is this test agent known to be an environmental or health hazard?
"Text:
No validation needed","Dropdown:
Antibody
Aqueous Small Molecule
Antibody Drug Conjugate (ADC)
Other","Number:
No validation needed","Dropdown:
uM
ug/mL","Text:
No validation needed","Number:
1000 or more","Dropdown:
uL","Number:
Must be Column C ""Top Screening Dose"" value / 4","Dropdown:
mM
mg/mL","Dropdown:
Room temperature
4°
-20°","Dropdown:
Yes
No"