Test Agent Name,Top Screening Dose,Top Screening Dose unit,Dilution Factor,Amount,Units,Stock Concentration,Stock Concentration Units,Storage Conditions,Is this test agent known to be an environmental or health hazard?
"Text:
No validation needed","Number:
No validation needed","Dropdown:
uM","Number:
2 or more","Number:
A.) If column D - ""Dilution Factor"" is 2 - 2.9, amount must equal 720 or higher

B.) If column D is 3 or higher, amount must equal 600 or higher","Dropdown:
uL","Number: 
Same number as column C - ""Top Screening Dose""","Dropdown:
mM","Dropdown:
Room temperature
4°
-20°","Dropdown:
Yes
No"